aa02_id	a02_id	aa02_cont	aa02_cont_type	aa02_type_cht	aa02_lang_code	aa02_lang_type	aa02_xcode	aa02_logs	aa02_datetime	aa02_0001	aa02_0002	lat	lng	aa02_0005
193	13	西醫	柯耳鼻喉科診所	民族路５３８號			0	0	2013/7/28			23.475819	120.4477456	05 2246461
1	13	牙醫	楊牙醫診所	嘉義市西區新榮路２４１號			0	0	2013/7/28			23.477057	120.444269	05 2270768
2	13	牙醫	重安牙醫診所	嘉義市西區社內里民生北路２６０號			0	0	2013/7/28			23.4805828	120.4461134	05 2254669
3	13	牙醫	隆顯牙醫診所	嘉義市西區光路里新民路５７３號			0	0	2013/7/28			23.460816	120.440584	05 2858577
4	13	牙醫	奉天牙醫診所	嘉義市西區仁愛路５４８號			0	0	2013/7/28			23.4777353	120.4419717	05 2247525
5	13	牙醫	益元牙醫診所	嘉義市西區福松里西榮街１９號			0	0	2013/7/28			23.473951	120.445649	05 2284771
6	13	牙醫	僑倫牙醫診所	嘉義市西區民族路６５８號			0	0	2013/7/28			23.475621	120.444327	05 2246715
7	13	牙醫	美齒牙醫診所	嘉義市西區民族路５２３號			0	0	2013/7/28			23.4757854	120.4477491	05 2277865
8	13	牙醫	翁牙醫診所	嘉義市西區光彩街４６１號			0	0	2013/7/28			23.4778291	120.446396	05 2281918
9	13	牙醫	憲昇牙醫診所	嘉義市西區自強里興業西路２４８號			0	0	2013/7/28			23.468198	120.440542	05 2852043
10	13	牙醫	柳牙醫診所	嘉義市西區北榮里文華街１號			0	0	2013/7/28			23.487388	120.447165	05 2320634
11	13	牙醫	仁安牙醫診所	嘉義市西區國華街２２２之３號			0	0	2013/7/28			23.4809537	120.4483288	05 2234118
12	13	牙醫	莊牙醫診所	嘉義市西區府路里忠義街６４號			0	0	2013/7/28			23.4773181	120.4476192	05 2235922
13	13	牙醫	賴牙醫診所	嘉義市西區民族路５７０號			0	0	2013/7/28			23.4757298	120.4467873	05 2257759
14	13	牙醫	王柏東牙醫診所	嘉義市西區民權路４５３號			0	0	2013/7/28			23.4819221	120.4459555	05 2231821
15	13	牙醫	嘉南牙醫診所	嘉義市西區新富里康樂街128號			0	0	2013/7/28			25.071687	121.618993	05 2223338
16	13	牙醫	永豐牙醫診所	嘉義市西區康樂街１４６號			0	0	2013/7/28			23.4746779	120.4467356	05 2244057
17	13	牙醫	李芳美牙醫診所	嘉義市西區長榮街３２７號			0	0	2013/7/28			23.4827568	120.447017	05 2225290
18	13	牙醫	慈生牙醫診所	嘉義市西區慶昌里博愛路一段４１１之５號			0	0	2013/7/28			23.4873993	120.4444758	05 2334209
19	13	牙醫	新民牙醫診所	嘉義市西區新民路８３８號			0	0	2013/7/28			23.471482	120.439883	05 2851179
20	13	牙醫	樺昌牙醫診所	嘉義市西區民生北路61號			0	0	2013/7/28			23.4755887	120.4466199	05 2249695
21	13	牙醫	頂好牙醫診所	嘉義市西區民生南路二九四號五樓之二			0	0	2013/7/28			23.46831	120.446404	05 2856261
22	13	牙醫	歐牙醫診所	嘉義市西區仁愛路４７８號			0	0	2013/7/28			23.47597	120.44226	05 2247222
23	13	牙醫	明仁堂牙醫診所	嘉義市西區福民里興業西路２９５號			0	0	2013/7/28			23.467757	120.439086	05 2362726
24	13	牙醫	新生牙醫診所	嘉義市西區民生北路97號1樓			0	0	2013/7/28			23.4762949	120.4465404	05 2291298
25	13	牙醫	佑寧牙醫診所	嘉義市西區民安里中正路７１８號			0	0	2013/7/28			23.4784581	120.4419628	05 2241402
26	13	牙醫	丞泰牙醫診所	嘉義市西區學圃里民生北路５４號			0	0	2013/7/28			23.475267	120.4466829	05 2256400
27	13	牙醫	佑群牙醫診所	嘉義市西區新民路６９９號			0	0	2013/7/28			23.4687748	120.4398085	05 2362970
28	13	牙醫	培元牙醫診所	嘉義市西區垂楊里垂楊路５１７號２樓			0	0	2013/7/28			23.47293	120.441712	05 2358188
29	13	牙醫	上林牙醫診所	嘉義市西區林森西路５３０號			0	0	2013/7/28			23.4838636	120.448013	05 2255478
30	13	牙醫	統一牙醫診所	嘉義市西區八德路３７號			0	0	2013/7/28			23.4856889	120.4306017	05 2340803
31	13	牙醫	協力牙醫診所	嘉義市西區德安路４９號			0	0	2013/7/28			23.483819	120.431942	05 2324825
32	13	牙醫	天台牙醫診所	嘉義市西區民族路五五八號			0	0	2013/7/28			23.475819	120.4477453	05 2238052
33	13	牙醫	安麗牙醫診所	嘉義市西區褔民里興業西路４０３號一樓			0	0	2013/7/28			23.46746	120.435982	05 2868055
34	13	牙醫	德安祥牙醫診所	嘉義市西區北興街257號			0	0	2013/7/28			23.485636	120.438164	05 2810691
35	13	牙醫	超群牙醫診所	嘉義市西區友愛路５６３號			0	0	2013/7/28			23.4914761	120.4371724	05 2811586
36	13	牙醫	慶宏牙醫診所	嘉義市西區北興街１３９號			0	0	2013/7/28			23.4834854	120.442704	05 2314407
37	13	牙醫	澤任大維牙醫診所 T.Z. DENTWAY	嘉義市西區仁愛路349號1樓			0	0	2013/7/28			23.4745674	120.4422523	05 2278625
38	13	牙醫	中心牙醫診所	嘉義市西區新榮路191號			0	0	2013/7/28			23.475184	120.44457	
39	13	牙醫	博眾牙醫診所	嘉義市西區民生南路391號			0	0	2013/7/28			23.460035	120.443695	05-2835186
40	13	牙醫	吳鴻宜牙醫診所	嘉義市西區中山路378號1、2樓			0	0	2013/7/28			23.4796586	120.4466903	05-2162166
41	13	牙醫	中興牙醫診所	嘉義市西區中興路297號			0	0	2013/7/28			23.481956	120.432554	05-2329197
42	13	牙醫	林森牙醫診所	嘉義市西區林森西路201號			0	0	2013/7/28			23.4838636	120.448013	05-2237098
43	13	牙醫	魏牙醫診所	嘉義市西區興業西路七十八號一樓			0	0	2013/7/28			23.468575	120.44445	05-2289157
44	13	牙醫	佳品牙醫診所	嘉義市西區南京路586號一樓			0	0	2013/7/28			23.4691507	120.4357085	05-2861660
45	13	牙醫	品雅牙醫診所	嘉義市西區南京路97號			0	0	2013/7/28			23.4562003	120.4417631	05-2841616
46	13	牙醫	育瑄牙醫診所	嘉義市西區民生南路510巷27號1樓			0	0	2013/7/28			23.459425	120.442845	05-2852108
47	13	牙醫	健雅牙醫診所	嘉義市西區中興路446號			0	0	2013/7/28			23.4821993	120.4318987	05-2841082
48	13	牙醫	晴亮牙醫診所	嘉義市西區興業西路236號1至2樓			0	0	2013/7/28			23.4681951	120.440923	05-2865888
49	13	牙醫	得恩牙醫診所	嘉義市西區福民里南京路468號1樓			0	0	2013/7/28			23.4652365	120.4360649	05-2869689
50	13	牙醫	寶貝家牙醫診所	嘉義市西區仁愛路208號1、2樓			0	0	2013/7/28			23.4711476	120.4426676	05-2233939
51	13	牙醫	健福牙醫診所	嘉義市西區八德路227號2樓			0	0	2013/7/28			23.488769	120.4305111	05-2325288
52	13	牙醫	格林牙醫診所	嘉義市西區興業西路38號1樓			0	0	2013/7/28			23.4684867	120.4452533	05-2222777
53	13	牙醫	創新牙醫診所	嘉義市西區中興路37號1、2樓			0	0	2013/7/28			23.4816245	120.4374826	2320022
54	13	牙醫	光禾牙醫診所	嘉義市西區民生北路294號1樓			0	0	2013/7/28			23.481308	120.446039	05-2288256
56	13	牙醫	勤美牙醫診所	嘉義市西區新富里垂楊路506號			0	0	2013/7/28			23.4803964	120.4242401	05-2234755
57	13	牙醫	祐健病理中心	嘉義市東區民族里民族路268巷7號3樓			0	0	2013/7/28			23.8278917	120.7083637	05-2233438
58	13	牙醫	現代牙醫診所	嘉義市東區初陽里成仁街１號			0	0	2013/7/28			23.4746105	120.45277	05 2259251
59	13	牙醫	上揚牙醫診所	嘉義市東區吳鳳南路２１５號			0	0	2013/7/28			23.4680908	120.4546072	05 2292546
60	13	牙醫	蘇世忠牙醫診所	嘉義市東區林森東路４１４號			0	0	2013/7/28			23.4909249	120.4688989	05 2786469
61	13	牙醫	高正川牙醫診所	嘉義市東區民族路95號1樓、９７號２樓之２			0	0	2013/7/28			23.476808	120.4590124	05 2750055
62	13	牙醫	敦眾牙醫診所	嘉義市東區府路里蘭井街１７３號			0	0	2013/7/28			23.4774933	120.450712	05 2252586
63	13	牙醫	專佳牙醫診所	嘉義市東區新生路７８９號			0	0	2013/7/28			23.495916	120.453321	05 2773507
64	13	牙醫	靚美牙醫診所	嘉義市東區民國路２４５號			0	0	2013/7/28			23.4833622	120.4597645	05 2781010
65	13	牙醫	宏恩牙醫診所	嘉義市東區北城里忠孝路１８３號			0	0	2013/7/28			23.4800178	120.4543181	05 2762876
66	13	牙醫	芳榮牙醫診所	嘉義市東區蘭井里忠孝路６８號			0	0	2013/7/28			23.4786301	120.4545538	05 2232729
67	13	牙醫	慈德牙醫診所	嘉義市東區新店里義教街８號			0	0	2013/7/28			23.493275	120.468251	05 2773372
68	13	牙醫	佳音牙醫診所	嘉義市東區中山路201號4樓			0	0	2013/7/28			23.4816905	120.4552062	05 2235242
69	13	牙醫	加恩牙醫診所	嘉義市東區新開里市宅街１８之１號			0	0	2013/7/28			23.473955	120.460976	05 2283815
70	13	牙醫	黃于修牙醫診所	嘉義市東區興中街１５４號			0	0	2013/7/28			23.4823363	120.4501752	05 2285390
71	13	牙醫	正典牙醫診所	嘉義市東區大雅路二段576號			0	0	2013/7/28			23.4776754	120.4685506	05 2769955
72	13	牙醫	協志牙醫診所	嘉義市東區中正路３４１號			0	0	2013/7/28			23.4789023	120.4508171	05 2221111
73	13	牙醫	張耿榮牙醫診所	嘉義市東區中央里光華路８５號			0	0	2013/7/28			24.1164794	120.6132046	05 2226829
74	13	牙醫	理想牙醫診所	嘉義市東區龍山里民族路132號			0	0	2013/7/28			23.4767808	120.4583517	05 2778800
75	13	牙醫	陳丕修牙醫診所	嘉義市東區中山路51號1-2樓			0	0	2013/7/28			23.4822464	120.4599427	05 2779901
76	13	牙醫	尚亨牙醫診所	嘉義市東區林森東路290號			0	0	2013/7/28			23.4888015	120.4637598	05 2750745
77	13	牙醫	佳德牙醫診所	嘉義市東區吳鳳南路五０一號			0	0	2013/7/28			23.474111	120.4538918	05 2273676
78	13	牙醫	和興牙醫診所	嘉義市東區吳鳳南路５７７－１號１樓			0	0	2013/7/28			23.456408	120.458996	05 2309908
79	13	牙醫	黃文政牙醫診所	嘉義市東區東噴里中山路102號			0	0	2013/7/28			23.4797653	120.4497765	05 2757981
80	13	牙醫	德明牙醫診所	嘉義市東區龍山里文昌街４８號			0	0	2013/7/28			23.4773979	120.4565689	05 2238823
81	13	牙醫	大佳牙醫診所	嘉義市東區吳鳳南路３５５號			0	0	2013/7/28			23.463386	120.455952	05 2248579
82	13	牙醫	慧安牙醫診所	嘉義市東區興中街145-1號1樓			0	0	2013/7/28			23.4803175	120.4510947	05 2716200
83	13	牙醫	蕭嘉成牙醫診所	嘉義市東區北榮街89號			0	0	2013/7/28			23.4808872	120.4494156	2221990
84	13	牙醫	董牙醫診所	嘉義市東區神農里安和街14號			0	0	2013/7/28			23.4757222	120.4584942	05-2782156
85	13	牙醫	宜家牙醫診所	嘉義市東區興業東路76號1樓			0	0	2013/7/28			23.4694894	120.456101	05-2160689
86	13	牙醫	陳興國牙醫診所	嘉義市東區五福街65號			0	0	2013/7/28			23.486021	120.467152	05-2781019
87	13	牙醫	詮承牙醫診所	嘉義市東區忠孝路284號之5號			0	0	2013/7/28			23.4877176	120.4536342	05-2771299
88	13	牙醫	安誼牙醫診所	嘉義市東區嘉北街24號1樓			0	0	2013/7/28			23.493841	120.453856	05-2763757
89	13	牙醫	吳宗儒牙醫診所	嘉義市東區初陽里興中街68之2號1樓			0	0	2013/7/28			23.4761274	120.4516604	05-2290578
90	13	牙醫	渥爾牙醫診所	嘉義市東區忠孝路366號1、2、3樓			0	0	2013/7/28			23.4884178	120.4535298	05-2763797
91	13	牙醫	百立牙醫診所	嘉義市東區忠孝路376號1、2樓			0	0	2013/7/28			23.4884178	120.4535298	05-2765752
92	13	牙醫	柯立心牙醫診所	嘉義市東區大雅路二段460號1、２樓			0	0	2013/7/28			23.477658	120.4716263	2758777
93	13	牙醫	王牙醫診所	嘉義市東區蘭井街239號			0	0	2013/7/28			23.4773789	120.4492851	963413789
94	13	牙醫	正大牙醫診所	嘉義市東區民權路190號			0	0	2013/7/28			23.4832488	120.4554139	2780261
95	13	牙醫	維欣牙醫診所	嘉義市東區維新路125號1-2樓、127號1-2樓			0	0	2013/7/28			23.4862134	120.4580092	05-2715789
96	13	牙醫	幸福牙醫診所	嘉義市東區軍輝路218號1、2樓			0	0	2013/7/28			23.4556849	120.4600265	05-2398022
97	13	牙醫	好亮牙醫診所	嘉義市東區林森東路428號之1一樓			0	0	2013/7/28			23.4909249	120.4688989	05-2789922
98	13	牙醫	優格牙醫診所	嘉義市東區中山路134號1樓			0	0	2013/7/28			23.4817566	120.4554697	05-2168168
99	13	牙醫	協和牙醫診所	嘉義市東區吳鳳北路359號1樓			0	0	2013/7/28			23.4837127	120.4523151	2715211
100	13	牙醫	人文新境牙醫診所	嘉義市東區大雅路一段606號1、2樓			0	0	2013/7/28			23.4804332	120.4859489	05-2763456
101	13	牙醫	楊子立牙醫診所	嘉義市東區東噴裡公明路160號			0	0	2013/7/28			23.4853348	120.4760853	05-2750017
102	13	牙醫	親親牙醫診所	嘉義市東區民國路１９０號			0	0	2013/7/28			23.4817563	120.460029	05 2788278
103	13	牙醫	杏林牙醫診所	嘉義市東區吳鳳北路１４７號			0	0	2013/7/28			23.4770716	120.4535144	05 2278218
104	13	牙醫	美德牙醫診所	嘉義市東區仁和里成仁街１８５號２樓			0	0	2013/7/28			23.4803646	120.452047	05 2229925
55	13	牙醫	唐亨牙醫診所	嘉義市西區北榮里文化路428號			0	0	2013/7/28			23.4883556	120.4469093	05-2347000
105	13	牙醫	正安牙醫診所	嘉義市東區文化路４３６號			0	0	2013/7/28			23.488467	120.447033	05 2321476
106	13	牙醫	林惠生牙醫診所	嘉義市東區中正路１６１號			0	0	2013/7/28			23.4794567	120.4555374	05 2276694
107	13	牙醫	李牙醫診所	嘉義市東區公明路３２２號			0	0	2013/7/28			23.4798973	120.4531563	05 2221797
108	13	牙醫	張牙醫診所	嘉義市東區長榮街１０２號			0	0	2013/7/28			23.4835466	120.4509786	05 2786736
109	13	牙醫	邱牙醫診所	嘉義市東區民權路２０８之４號			0	0	2013/7/28			23.4831851	120.4548434	05 2784420
110	13	牙醫	兄弟牙醫診所	嘉義市東區仁武里中山路２１６號			0	0	2013/7/28			23.4807063	120.4513965	05 2289054
111	13	牙醫	泰安牙醫診所	嘉義市東區興中街２８號			0	0	2013/7/28			23.4755701	120.4517109	05 2238642
112	13	牙醫	仁一牙醫診所	嘉義市東區新生路７１１號			0	0	2013/7/28			23.495199	120.455339	05 2776076
113	13	牙醫	林牙醫診所	嘉義市東區興中街２０２號			0	0	2013/7/28			23.4840147	120.449801	05 2782185
114	13	牙醫	周牙醫診所	嘉義市東區彌陀路２５６號			0	0	2013/7/28			23.473787	120.463052	05 2771535
115	13	牙醫	平安牙醫診所	嘉義市東區新開里垂楊路８９號２樓之１			0	0	2013/7/28			23.474386	120.458614	05 2287779
116	13	牙醫	誠一牙醫診所	嘉義市東區光彩街４００號			0	0	2013/7/28			23.4787818	120.4556328	05 2256666
117	13	牙醫	大義嘉牙醫診所	嘉義市東區吳鳳南路１１７之１號			0	0	2013/7/28			23.4708974	120.4543838	05 2254012
118	13	牙醫	嘉興牙醫診所	嘉義市東區和平路１４７號			0	0	2013/7/28			23.4755597	120.4575981	05 2251987
119	13	牙醫	嘉和牙醫診所	嘉義市東區安平里成仁街７６號			0	0	2013/7/28			23.4775748	120.4524882	05 2281926
120	13	牙醫	第一牙醫診所	嘉義市東區興中街９８之１號			0	0	2013/7/28			23.4761274	120.4516604	05 2277375
121	13	牙醫	大華牙醫診所	嘉義市東區公明路２５６號			0	0	2013/7/28			23.480139	120.4551278	05 2284769
122	13	牙醫	聯合牙醫診所	嘉義市東區東噴里中山路６５號			0	0	2013/7/28			23.4821564	120.459103	05 2784396
123	13	牙醫	慶華牙醫診所	嘉義市東區安和街２４６號			0	0	2013/7/28			23.486642	120.45711	05 2784452
124	13	牙醫	輔仁牙醫診所	嘉義市東區吳鳳南路２５８號			0	0	2013/7/28			23.4638833	120.4557959	05 2238117
125	13	中醫	慈生內科傷科中醫診所	嘉義市西區學圃里民生北路２０號			0	0	2013/7/28			23.4742883	120.4467965	52252278
126	13	中醫	中和內科傷科中醫診所	嘉義市西區民族路806號			0	0	2013/7/28			23.4752429	120.4412047	05 2273543
127	13	中醫	金德中醫診所	嘉義市西區北興街２８８號			0	0	2013/7/28			23.485467	120.438903	05 2325118
128	13	中醫	李中醫診所	嘉義市西區杭州三街２１號			0	0	2013/7/28			23.466624	120.445249	05 2852059
129	13	中醫	杏林堂中醫診所	嘉義市西區民生南路５５０號			0	0	2013/7/28			23.461363	120.443668	05 2353309
130	13	中醫	晉德中醫診所	嘉義市西區慶昌里博愛路一段３６１之１號			0	0	2013/7/28			23.4873993	120.4444758	05 2310657
131	13	中醫	張福泉中醫診所	嘉義市西區北興街１７４號			0	0	2013/7/28			23.484237	120.441414	05 2320181
132	13	中醫	蔡國忠中醫診所	嘉義市西區仁愛路２９７號			0	0	2013/7/28			23.472451	120.44244	05 2854696
133	13	中醫	聖林中醫診所	嘉義市西區自由路３１２號			0	0	2013/7/28			23.4887788	120.435933	05 2320581
134	13	中醫	迦南中醫診所	嘉義市西區保安里竹圍路１２３號			0	0	2013/7/28			23.4864491	120.4268242	05 2332414
135	13	中醫	洪鳳鳴中醫診所	嘉義市西區博愛路一段207號			0	0	2013/7/28			23.4885899	120.4456879	05 2321091
136	13	中醫	大成中醫診所	嘉義市西區書院里新榮路307號1至2樓			0	0	2013/7/28			23.478338	120.4442354	05 2222635
137	13	中醫	建成中醫診所	嘉義市西區建成街７３之２號			0	0	2013/7/28			23.471166	120.440633	05 2866058
138	13	中醫	養心齋中醫診所	嘉義市西區八德路56號			0	0	2013/7/28			23.488769	120.4305111	05 2341971
139	13	中醫	弘安中醫診所	嘉義市西區新民路858號			0	0	2013/7/28			23.472049	120.439815	05 2851839
140	13	中醫	建安中醫診所	嘉義市西區新榮路２８９號			0	0	2013/7/28			23.4780522	120.4442664	05 2223060
141	13	中醫	建民堂中醫診所	嘉義市西區光路里民生南路４３０號			0	0	2013/7/28			23.461363	120.443668	05 2831318
142	13	中醫	朝榮中醫診所	嘉義市西區仁愛路３０１號			0	0	2013/7/28			23.472521	120.442434	05 2855888
143	13	中醫	新民中醫診所	嘉義市西區新民路703號2樓			0	0	2013/7/28			23.468898	120.439785	05-2837170
144	13	中醫	正慶中醫診所	嘉義市西區仁愛路372號			0	0	2013/7/28			23.4727442	120.4425683	05-2270130
145	13	中醫	嘉冠中醫診所	嘉義市西區忠義街174號			0	0	2013/7/28			23.4806897	120.4472495	05-2222354
146	13	中醫	德隆中醫診所	嘉義市西區友順街85號			0	0	2013/7/28			23.486587	120.434672	05-2315556
147	13	中醫	信合美中醫診所	嘉義市西區興業西路85號地下一樓			0	0	2013/7/28			23.467781	120.439343	05-2867299
148	13	中醫	百安堂中醫診所	嘉義市西區興達路158號1樓			0	0	2013/7/28			23.4891402	120.4417116	05-2321355
149	13	中醫	復安堂中醫診所	嘉義市西區蘭井街316號之2			0	0	2013/7/28			23.477016	120.444161	05-2231858
150	13	中醫	儒佑中醫診所	嘉義市西區忠義街135號			0	0	2013/7/28			23.4779459	120.447547	05-2744973
151	13	中醫	銘冠中醫診所	嘉義市西區民族路650號.新榮路110號			0	0	2013/7/28			23.4755338	120.4445538	05-2273311
152	13	中醫	慈仁中醫診所	嘉義市西區志昇街71號1樓			0	0	2013/7/28			23.4690751	120.4432844	05-2258837
153	13	中醫	宏信中醫診所	嘉義市西區竹圍里興達路474號1樓			0	0	2013/7/28			23.4852356	120.4318782	05-2318467
154	13	中醫	恕安中醫診所	嘉義市西區永和里廣寧街13號1樓			0	0	2013/7/28			23.4803964	120.4242401	05-2221150
155	13	中醫	榮光中醫診所	嘉義市西區民生北路271號1、2樓			0	0	2013/7/28			23.4815646	120.4459728	52163316
156	13	中醫	星嘉中醫診所	嘉義市西區車店里上海路167號1樓			0	0	2013/7/28			23.4664815	120.4327054	2836969
157	13	中醫	寶芝琳中醫診所	嘉義市西區永和街69-1號1樓			0	0	2013/7/28			23.4745686	120.4402343	05-2273205
158	13	中醫	安和中醫診所	嘉義市西區新厝里友忠路935之1號1樓			0	0	2013/7/28			23.4889688	120.4428781	05-2331959
159	13	中醫	"醫療財團法人台灣血液
基金會台南捐血中心嘉義捐血站"	嘉義市西區博愛路一段488號一~三樓			0	0	2013/7/28			23.4873993	120.4444758	05-2335951
160	13	中醫	濟世中醫診所	嘉義市東區林森東路800號、802號1樓			0	0	2013/7/28			23.492544	120.478984	05-2740868
161	13	中醫	建生中醫診所	嘉義市東區吳鳳北路二一三號一樓			0	0	2013/7/28			23.4790608	120.4532618	05-2225015
162	13	中醫	中孚中醫診所	嘉義市東區太平里博東路289號1樓			0	0	2013/7/28			23.4905424	120.4571289	05-2778692
163	13	中醫	天仁堂中醫診所	嘉義市東區吳鳳南路579號			0	0	2013/7/28			23.4638833	120.4557959	05-2301900
164	13	中醫	金陵中醫診所	嘉義市東區吳鳳北路353號之1一樓			0	0	2013/7/28			23.4835331	120.4523338	05-2759014
165	13	中醫	天祥中醫診所	嘉義市東區中山路210號			0	0	2013/7/28			23.48078	120.451563	05-2253607
166	13	中醫	吉祥中醫診所	嘉義市東區興業東路317號			0	0	2013/7/28			23.4695032	120.4558842	2230229
167	13	中醫	立仁中醫診所	嘉義市東區安寮里立仁路331號1樓			0	0	2013/7/28			23.4623784	120.4570398	52232188
168	13	中醫	慈護誠品中醫診所	嘉義市東區大雅路二段432號1樓			0	0	2013/7/28			23.4777875	120.472135	05-2711277
169	13	中醫	祐健病理中心	嘉義市東區民族里民族路268巷7號3樓			0	0	2013/7/28			23.8278917	120.7083637	05-2233438
170	13	中醫	鍾明昌中醫診所	嘉義市東區民國路２１１號			0	0	2013/7/28			23.4814127	120.4600391	05 2782208
171	13	中醫	詹輝次中醫診所	嘉義市東區初陽里民族路３６２號			0	0	2013/7/28			23.4763148	120.4519884	05 2271177
172	13	中醫	亞產中醫診所	嘉義市東區吳鳳北路226號			0	0	2013/7/28			23.4797569	120.4531958	05 2229612
173	13	中醫	德義堂中醫診所	嘉義市東區安平里民族路３１６號			0	0	2013/7/28			23.4762335	120.4525912	05 2224807
174	13	中醫	斌德中醫診所	嘉義市東區鎮南里忠孝路５號			0	0	2013/7/28			23.4927863	120.4521189	05 2224123
175	13	中醫	日生堂中醫診所	嘉義市東區公明路213號			0	0	2013/7/28			23.4798639	120.4531615	05-2226097
176	13	中醫	龍德中醫診所	嘉義市東區吳鳳北路１５８號			0	0	2013/7/28			23.478208	120.453415	05 2282883
177	13	中醫	南山中醫診所	嘉義市東區蘭井里光華路５６號			0	0	2013/7/28			23.4784082	120.4523487	05 2223658
178	13	中醫	仰德中醫診所	嘉義市東區啟明路１０８號			0	0	2013/7/28			23.478361	120.462633	05 2753848
179	13	中醫	大安中醫診所	嘉義市東區東噴里中山路53號			0	0	2013/7/28			23.4822464	120.4599427	05 2785861
180	13	中醫	信生中醫診所	嘉義市東區吳鳳南路62號1樓			0	0	2013/7/28			23.470107	120.454126	05 2220160
181	13	中醫	亦生堂中醫診所	嘉義市東區台林街１２２號			0	0	2013/7/28			23.495831	120.455266	05 2753865
182	13	中醫	濟生中醫診所	嘉義市東區吳鳳南路１３８號			0	0	2013/7/28			23.4679505	120.4543479	05 2257713
183	13	中醫	曾志能中醫診所	嘉義市東區吳鳳北路４０７號			0	0	2013/7/28			23.4847146	120.452222	05 22755488
184	13	中醫	嘉德中醫診所	嘉義市東區吳鳳北路216號			0	0	2013/7/28			23.479442	120.4532425	05-2270112
185	13	中醫	芳安中醫診所	嘉義市東區芳安路103號			0	0	2013/7/28			23.468453	120.4631297	52289913
186	13	中醫	誠泰中醫診所	嘉義市東區民權路188號			0	0	2013/7/28			23.4832644	120.4555586	05-2713969
187	13	中醫	文德中醫診所	嘉義市東區和平路261號			0	0	2013/7/28			23.4793235	120.456903	05-2251827
188	13	中醫	和信中醫診所	嘉義市東區嘉北街106號			0	0	2013/7/28			23.494142	120.453362	05-2766256
189	13	中醫	兆春中醫診所	嘉義市東區林森東路82號			0	0	2013/7/28			23.486762	120.457217	05 2752282
190	13	中醫	慶瑞堂中醫診所	嘉義市東區林森東路428號1樓			0	0	2013/7/28			23.4909249	120.4688989	05-2782785
191	13	西醫	嘉義市西區衛生所	福全里德明路１號			0	0	2013/7/28			23.479976	120.431072	05 2223640
192	13	西醫	正璘婦產科診所	長榮街２８２號			0	0	2013/7/28			23.48279	120.44701	05-2255901
194	13	西醫	邱內兒科診所	新榮路２５６號			0	0	2013/7/28			24.946694	121.213923	05 2282013
195	13	西醫	林昭男家庭醫學科診所	民族路７１８號			0	0	2013/7/28			23.475491	120.44304	05 2279558
196	13	西醫	鄭婦產科診所	康莊里西榮街１８９號			0	0	2013/7/28			23.477038	120.4453788	05 2222836
197	13	西醫	嘉良診所	學圃里忠義街４５號			0	0	2013/7/28			23.4765457	120.4476742	05 2222827
198	13	西醫	春安診所	光路里民生南路432號			0	0	2013/7/28			23.461256	120.443631	05 2854146
199	13	西醫	黃昭正家庭醫學科診所	北杏里忠義街１７６之１號			0	0	2013/7/28			23.4806897	120.4472495	05 2225091
200	13	西醫	蘇興裕外科診所	導明里民生南路77號			0	0	2013/7/28			23.4716143	120.4470871	05 2247412
201	13	西醫	鴻安診所	書院里延平街４０１之１號			0	0	2013/7/28			23.476147	120.443976	05 2271318
202	13	西醫	張外科皮膚科診所	功科里民生北路220號			0	0	2013/7/28			23.4795965	120.4462212	05 2233629
203	13	西醫	羅眼科診所	民族路８０４號			0	0	2013/7/28			23.4752429	120.4412047	05 2242288
204	13	西醫	黃婦產科診所	光彩街４６５號			0	0	2013/7/28			46.6079697	124.8966022	05 2272020
205	13	西醫	張文輝診所	林森西路４９０號			0	0	2013/7/28			23.4838108	120.4477363	05-2238819
206	13	西醫	周內兒科診所	北興街２３５號			0	0	2013/7/28			23.485245	120.438711	05 2321804
207	13	西醫	柳內兒科診所	國華街４１４之１號			0	0	2013/7/28			23.48768	120.446809	05 2325986
208	13	西醫	方克毅神經精神科診所	長榮街２８６號			0	0	2013/7/28			23.4826129	120.4458876	05 22222371
209	13	西醫	林海南診所	康樂街１５７號			0	0	2013/7/28			25.074765	121.620048	05 2273185
210	13	西醫	洪內兒科診所	民生里民生北路２９３號			0	0	2013/7/28			23.4819362	120.4459307	05 2247123
211	13	西醫	黃丙丁家庭醫學科診所	民族路７３０號			0	0	2013/7/28			23.475452	120.4425779	05 2223464
212	13	西醫	榮芳內兒科診所	仁愛路４４６號			0	0	2013/7/28			25.037322	121.558758	05 2224712
213	13	西醫	吳眼科診所	中山路４１８號			0	0	2013/7/28			38.9056	121.597614	05 2244695
214	13	西醫	德星耳鼻喉科診所	民權路３７４號			0	0	2013/7/28			24.152008	120.670866	05 2236025
215	13	西醫	顏耳鼻喉科診所	新榮路１９９號			0	0	2013/7/28			24.9570113	121.161389	05 2278795
216	13	西醫	呂國鎮皮膚科診所	民生里民生北路259號1樓			0	0	2013/7/28			23.481193	120.4460149	05 2221459
217	13	西醫	許文德婦產科診所	垂楊路818號			0	0	2013/7/28			23.4730594	120.440349	05 2258050
218	13	西醫	陳益生診所	新榮路１８０號			0	0	2013/7/28			24.957169	121.161734	05 2226563
219	13	西醫	佳寶婦產科診所	中庸里垂楊路４６６號			0	0	2013/7/28			23.4737066	120.4480475	05 2252963
220	13	西醫	陳眼科診所	民生里民生北路２７９號			0	0	2013/7/28			23.4818123	120.4459447	05 2290013
221	13	西醫	江啟生診所	車店里興業西路３８３號			0	0	2013/7/28			23.4675086	120.4364639	05 2858357
222	13	西醫	林俊鵬診所	新厝里松江一街２１號			0	0	2013/7/28			23.492699	120.442457	05 2322048
223	13	西醫	好生診所	國華街４１６號			0	0	2013/7/28			23.48787	120.446751	05 2324630
224	13	西醫	鍾易晉耳鼻喉科診所	新民路７５８號１樓			0	0	2013/7/28			23.469576	120.440052	05 2856506
225	13	西醫	王伯智皮膚科診所	林森西路500號1樓			0	0	2013/7/28			26.09967	119.2820793	05-2276227
226	13	西醫	魏眼科診所	民權路３７８號			0	0	2013/7/28			23.4821924	120.4483548	05 2237889
227	13	西醫	沈小兒科診所	民權路３８０號			0	0	2013/7/28			24.152606	120.670613	05 2250170
228	13	西醫	佑仁診所	友愛路１９０號			0	0	2013/7/28			23.480572	120.434186	05 2335906
229	13	西醫	陳明煌診所	北興街４４２號			0	0	2013/7/28			23.487373	120.435153	05 2337036
230	13	西醫	黃彬診所	慶昌里博愛路一段４１１之３號１樓			0	0	2013/7/28			23.4839985	120.4416494	05 2333380
231	13	西醫	張百欽家庭醫學科診所	湖邊里博愛路一段203號			0	0	2013/7/28			23.487591	120.44415	05 2339555
232	13	西醫	李英徽耳鼻喉科診所	民生南路133號1樓			0	0	2013/7/28			23.470348	120.447317	05 2255610
233	13	西醫	曾良達診所	八德路３３８號			0	0	2013/7/28			25.0491169	121.568208	05 2333928
234	13	西醫	王仁樟皮膚科診所	民生南路９號			0	0	2013/7/28			23.4732174	120.4469188	05 2293829
235	13	西醫	黃敏宏皮膚科診所	新民路９３８號			0	0	2013/7/28			23.4743421	120.4394178	05-2287079
236	13	西醫	陳霖生內科診所	民生北路238號1樓			0	0	2013/7/28			25.037087	121.301713	05 2291675
237	13	西醫	育全診所	友愛路１１５號			0	0	2013/7/28			23.479632	120.433943	05 2343758
238	13	西醫	李建忠眼科診所	新榮路１７８１８０號			0	0	2013/7/28			31.5255752	120.4529348	05 2222877
239	13	西醫	民族診所	民族路７０１號1- 4樓			0	0	2013/7/28			22.6709046	120.4709567	05 2276008
240	13	西醫	華嘉診所	新厝里松江一街４３號			0	0	2013/7/28			23.4934327	120.4423401	05 2320729
241	13	西醫	洪瑞禧診所	通運里林森西路五五二號			0	0	2013/7/28			23.4838108	120.4477363	2293625
242	13	西醫	太和診所	新榮路七五號一樓			0	0	2013/7/28			24.6215619	121.8310872	05-2222856
243	13	西醫	邱碩堯耳鼻喉科診所	垂楊路五OO號			0	0	2013/7/28			0	0	05-2273115
244	13	西醫	蔡湯鎮眼科診所	新民路653號			0	0	2013/7/28			23.467053	120.440035	05-2368019
245	13	西醫	正安診所	興業西路342號1、３樓			0	0	2013/7/28			23.4678241	120.4379386	25-2865278
246	13	西醫	羅銓中診所	民生北路89號地下室			0	0	2013/7/28			23.6060369	120.4454152	05-2222979
247	13	西醫	戴昌隆皮膚科診所	博愛路二段277號			0	0	2013/7/28			23.4772609	120.4360946	05 2339307
248	13	西醫	安生婦產科診所	中正路565號			0	0	2013/7/28			25.032443	121.434878	05-2223377
249	13	西醫	王國哲診所	博愛路二段三五九號一二樓			0	0	2013/7/28			23.475944	120.435145	2332883
250	13	西醫	極緻整形外科診所	新民路618之2號一樓			0	0	2013/7/28			23.466013	120.440546	05-2852757
251	13	西醫	盈安診所	北興街二四五之三號			0	0	2013/7/28			23.485489	120.438363	05-2318472
252	13	西醫	許維倫診所	民生南路四三八號一樓			0	0	2013/7/28			23.46107	120.443526	05-2868895
253	13	西醫	郭育祥診所	博愛路二段240號一樓			0	0	2013/7/28			23.4802305	120.4383916	05-2338855
254	13	西醫	吳耳鼻喉科診所	中山路406號			0	0	2013/7/28			30.536978	114.317733	05 2222258
255	13	西醫	信合美診所	興業西路87.89號			0	0	2013/7/28			23.468186	120.444086	05-2867272
256	13	西醫	宏元家庭醫學科診所	國華街236號1樓			0	0	2013/7/28			23.4816186	120.4482989	05-2165555
257	13	西醫	安泰眼科診所	仁愛路482號1、2樓			0	0	2013/7/28			23.4762432	120.4422411	05-2282278
258	13	西醫	許銘瑞診所	新民路936號1、2樓			0	0	2013/7/28			23.4739828	120.4394592	05-2227784
259	13	西醫	德祐眼科診所	仁愛路482號1、2樓			0	0	2013/7/28			23.4762432	120.4422411	2282278
260	13	西醫	慎諭婦產科診所	民生南路118-7號、118-7號2樓			0	0	2013/7/28			23.470174	120.447129	2253652
261	13	西醫	安馨嘉義內科診所	友愛路239號1、2樓			0	0	2013/7/28			23.4839635	120.4335162	05-2812525
262	13	西醫	賴大川診所	慶昇里西榮街２４１號			0	0	2013/7/28			23.477038	120.4453788	05 2234511
263	13	西醫	程忠誠診所	新榮路７０號			0	0	2013/7/28			23.4746959	120.4446711	05 2293068
264	13	西醫	蔣天來診所	國華街１７２號			0	0	2013/7/28			23.4789224	120.4485809	05 2223350
265	13	西醫	弘仁診所	功科里忠義街１０１號			0	0	2013/7/28			23.4787741	120.4474504	05 2226119
266	13	西醫	新民診所	新民路七０一．七０三號一.二樓			0	0	2013/7/28			22.8533042	120.2662566	05 2851179
267	13	西醫	紀裕庭診所	光路里民生南路４８０號			0	0	2013/7/28			23.460404	120.443442	05 2835123
268	13	西醫	侯瑞卿診所	福民里徐州六街５2.54號			0	0	2013/7/28			23.467042	120.438108	05 2859659
269	13	西醫	人義診所	新民路712號			0	0	2013/7/28			23.468559	120.440256	05-2368083
270	13	西醫	宏祐診所	友愛路二三五號			0	0	2013/7/28			23.483762	120.433518	05-2336332
271	13	西醫	崇安診所	竹圍四路72.72-1號			0	0	2013/7/28			23.4885504	120.4290048	05-2810729
272	13	西醫	健民診所	仁愛路247號			0	0	2013/7/28			23.669773	120.489819	05-2843610
273	13	西醫	張耿章診所	新建街2、4號1樓			0	0	2013/7/28			25.129513	121.737212	05-2851285
274	13	西醫	羅大恩診所	林森西路200號1、2樓			0	0	2013/7/28			23.4838108	120.4477363	05-2234829
275	13	西醫	六福診所	興業西路333號1樓			0	0	2013/7/28			23.4675902	120.4378179	2853300
276	13	西醫	鄭美蕊婦產科診所	民族路720號1樓			0	0	2013/7/28			23.475487	120.442993	05-2293396
277	13	西醫	愛兒診所	民生南路45號1樓			0	0	2013/7/28			25.066848	121.200796	05-2238233
278	13	西醫	吉祥醫美耳鼻喉科診所	興業西路273號1樓			0	0	2013/7/28			23.4679177	120.4393337	2352516
279	13	西醫	大佳診所	新民路696號1樓			0	0	2013/7/28			23.468274	120.4402805	2212345
280	13	西醫	啟仁診所	中山路610號1樓			0	0	2013/7/28			24.467264	120.665394	2257959
281	13	西醫	洪培凱耳鼻喉科診所	新民路632號1樓			0	0	2013/7/28			43.8127606	87.6163668	05-2866689
282	13	西醫	施穎敏診所	興業西路77號			0	0	2013/7/28			23.4683858	120.4445432	2840270
283	13	西醫	新眼光眼科診所	興業西路134號1樓			0	0	2013/7/28			23.468478	120.4422366	05-2838989
284	13	西醫	承鴻診所	南京路500號1樓			0	0	2013/7/28			28.681564	115.945444	05-2865669
285	13	西醫	祐明眼科診所	友愛路153號1、2樓			0	0	2013/7/28			23.4796758	120.4341144	05-2333310
286	13	西醫	周安良診所	興業西路28號1樓			0	0	2013/7/28			23.468705	120.4455321	05-2230527
287	13	西醫	博愛診所	興業西路136、138號1樓			0	0	2013/7/28			23.4684126	120.4444674	2866600
288	13	西醫	玉山診所	民生南路479號1樓			0	0	2013/7/28			23.6989301	120.5370452	05-2715913
289	13	西醫	黃思超小兒科診所	民族路632號1樓			0	0	2013/7/28			23.4755975	120.4450351	05-2163232
290	13	西醫	祐昇診所	仁愛路482號1、2樓			0	0	2013/7/28			23.4762432	120.4422411	05-2282278
291	13	西醫	于慶功診所	博愛路二段268號1樓			0	0	2013/7/28			23.4802305	120.4383916	05-2343000
292	13	西醫	泓韋診所	新民路626號1樓			0	0	2013/7/28			43.8127759	87.6163642	05-2838811
293	13	西醫	巴黎雅醫美診所	興業西路128號1樓			0	0	2013/7/28			23.4684126	120.4444674	52865555
294	13	西醫	真善渼診所	義昌里15鄰民族路642號			0	0	2013/7/28			23.475574	120.4447935	2230505
295	13	西醫	家馨診所	民族路732號			0	0	2013/7/28			23.475448	120.442529	05-2251589
296	13	西醫	長椿耳鼻喉科診所	致遠里興業西路86號			0	0	2013/7/28			23.4684126	120.4444674	05-2289981
297	13	西醫	吳國君診所	嘉義市東區吳鳳北路四三三號一樓			0	0	2013/7/28			23.4855527	120.4521167	52283298
298	13	西醫	李培源聯合診所	嘉義市東區中山路175號			0	0	2013/7/28			23.481723	120.4554745	05-2222075
299	13	西醫	黃傳益婦產科診所	嘉義市東區林森東路45號			0	0	2013/7/28			23.4867873	120.4551405	05-2776306
300	13	西醫	惠安診所	嘉義市東區興業東路60號1樓			0	0	2013/7/28			23.46943	120.4554622	05-2279151
301	13	西醫	欣升診所	嘉義市東區新生路651號一樓			0	0	2013/7/28			23.4928164	120.4575716	05-2765538
302	13	西醫	許小兒科診所	嘉義市東區和平路二十二號			0	0	2013/7/28			23.4741169	120.4579573	05-2280858
303	13	西醫	林仙明診所	嘉義市東區大雅路二段599號			0	0	2013/7/28			23.4781596	120.4712536	05-2770233
304	13	西醫	郭俊鋐診所	嘉義市東區彌陀路二六二號			0	0	2013/7/28			23.473907	120.462988	05-2771893
305	13	西醫	聖心診所	嘉義市東區民權路367號一樓			0	0	2013/7/28			23.4823165	120.4501609	05-2224800
306	13	西醫	東門王耳鼻喉科診所	嘉義市東區公明路131號1樓			0	0	2013/7/28			23.4802239	120.4562773	05-2276563
307	13	西醫	立文小兒科診所	嘉義市東區新生路782號1、2樓			0	0	2013/7/28			23.4953254	120.4554899	05-2766286
308	13	西醫	許永福小兒科診所	嘉義市東區垂楊路46號			0	0	2013/7/28			23.474981	120.4599155	05-2783058
309	13	西醫	台大風尚皮膚科診所	嘉義市東區新生路612號1樓			0	0	2013/7/28			23.492818	120.457763	05-2711711
310	13	西醫	和平眼科診所	嘉義市東區和平路325號			0	0	2013/7/28			23.4825007	120.4560776	2255561
311	13	西醫	蔡金火診所	嘉義市東區吳鳳北路３５１號			0	0	2013/7/28			23.4834733	120.45234	05 2786788
312	13	西醫	仁和診所	嘉義市東區吳鳳北路４２３號			0	0	2013/7/28			23.4850622	120.4521899	05 2782762
313	13	西醫	旭豐診所	嘉義市東區吳鳳南路5 8 3號			0	0	2013/7/28			23.474111	120.4538918	05 2302108
314	13	西醫	昆德診所	嘉義市東區林森東路２８７號一樓			0	0	2013/7/28			23.4901193	120.4664352	05 2788750
315	13	西醫	文山診所	嘉義市東區府路里國華街１７１號			0	0	2013/7/28			23.477202	120.4487403	05 2293118
316	13	西醫	博文診所	嘉義市東區台林街１０８之２號			0	0	2013/7/28			23.495255	120.454821	05 2758866
317	13	西醫	張耿源診所	嘉義市東區光華路80號			0	0	2013/7/28			23.4778709	120.4534452	05 2279969
318	13	西醫	趙善楷耳鼻喉科診所	嘉義市東區新生路２３０號			0	0	2013/7/28			23.4839771	120.4608699	05 2759955
319	13	西醫	良如診所	嘉義市東區新生路782號1、2樓			0	0	2013/7/28			23.4953254	120.4554899	05  2779463
320	13	西醫	傅林診所	嘉義市東區長竹里金龍街8號1樓			0	0	2013/7/28			23.478037	120.472275	05-2781900
321	13	西醫	丁效曾整形外科診所	嘉義市東區中山路229號、231號1、2樓			0	0	2013/7/28			23.4809461	120.4520231	2222188
322	13	西醫	邱晉陽診所	嘉義市東區吳鳳北路280號			0	0	2013/7/28			23.4831175	120.4524141	2751973
323	13	西醫	羅大德診所	嘉義市東區新生路588號1、2樓			0	0	2013/7/28			23.4953254	120.4554899	2788297
324	13	西醫	嘉亮眼科診所	嘉義市東區中山路236號1-3樓			0	0	2013/7/28			23.4805347	120.4510079	2276969
325	13	西醫	向光眼科診所	嘉義市東區民族路114號1樓			0	0	2013/7/28			23.476834	120.4589265	2788358
326	13	西醫	楊澍青診所	嘉義市東區民權路110號1樓			0	0	2013/7/28			23.4835943	120.4582371	05-2776001
327	13	西醫	新恩診所	嘉義市東區新生路357號1樓；359號1、2樓			0	0	2013/7/28			23.4844592	120.4607734	05-2777937
328	13	西醫	滿溢小兒科診所	嘉義市東區垂楊路104號1樓			0	0	2013/7/28			23.4745123	120.458347	05-2767757
329	13	西醫	新仁友診所	嘉義市東區文化路242號1樓			0	0	2013/7/28			23.4827486	120.4489987	02-2788595
330	13	西醫	佑安診所	嘉義市東區林森東路426號1樓			0	0	2013/7/28			23.4909249	120.4688989	05-2778193
331	13	西醫	軍輝耳鼻喉科診所	嘉義市東區軍輝路198號1樓			0	0	2013/7/28			23.455633	120.459801	05-2301616
332	13	西醫	維欣醫美診所	嘉義市東區維新路125號1-2樓、127號1-2樓			0	0	2013/7/28			23.4862134	120.4580092	05-2715789
333	13	西醫	賴瑪莉診所	嘉義市東區新生路313號1樓			0	0	2013/7/28			23.4838923	120.4608433	05-2741234
334	13	西醫	黃靖修內科診所	嘉義市東區吳鳳北路389號1樓			0	0	2013/7/28			23.4837727	120.4523088	05-2776108
335	13	西醫	劉怡慧皮膚科診所	嘉義市東區吳鳳南路577號1樓			0	0	2013/7/28			23.4566707	120.458872	05-2393388
336	13	西醫	林育興耳鼻喉科診所	嘉義市東區華南里民族路200號			0	0	2013/7/28			23.4853348	120.4760853	05-2288568
337	13	西醫	福康診所	嘉義市東區頂庄里新生路683號1、2樓			0	0	2013/7/28			23.4945346	120.4562018	05-2715688
338	13	西醫	戴德森醫療財團法人嘉義基督教醫院	嘉義市東區中庄里忠孝路５３９號；東區後湖里保建街100號；東區頂庄里忠孝路642號			0	0	2013/7/28			23.4994772	120.4501144	05 2765041
339	13	西醫	財團法人天主教聖馬爾定醫院	嘉義市東區短竹里大雅路二段565號			0	0	2013/7/28			23.4767981	120.4659544	05 2756000
340	13	西醫	建興醫院	嘉義市東區內安里中山路１４８號			0	0	2013/7/28			23.481587	120.4541007	05 2270302
341	13	西醫	陽明醫院	嘉義市東區吳鳳北路252號			0	0	2013/7/28			23.4798829	120.4531772	05-2284567
342	13	西醫	嘉義市東區衛生所	嘉義市東區東川里大雅路２段６２５號			0	0	2013/7/28			23.4774388	120.4673864	05 2750423
343	13	西醫	臺中榮民總醫院嘉義分院附設門診部	嘉義市東區吳鳳北路35巷4號			0	0	2013/7/28			23.4850366	120.4522108	05 2712145
344	13	西醫	侯耳鼻喉科診所	嘉義市東區公明路３０１號			0	0	2013/7/28			23.4797778	120.4512097	05 2222893
345	13	西醫	劉眼科診所	嘉義市東區公明路２４５號			0	0	2013/7/28			23.4797988	120.4526673	05 2279688
346	13	西醫	蔡漢格內兒科診所	嘉義市東區東安里文昌街１６７號			0	0	2013/7/28			23.4773979	120.4565689	05 2286841
347	13	西醫	江昇洸診所	嘉義市東區民權路２７９之１號			0	0	2013/7/28			23.4831684	120.4549845	05 2258717
348	13	西醫	孫福山內兒科診所	嘉義市東區林森東路４７０巷６號			0	0	2013/7/28			23.491457	120.469759	05 2766266
349	13	西醫	仁壽家庭醫學科診所	嘉義市東區中正路４０８號			0	0	2013/7/28			23.4788447	120.4498693	05 2223192
350	13	西醫	德洋診所	嘉義市東區民權路１９０之１號			0	0	2013/7/28			23.4832488	120.4554139	05 2784903
351	13	西醫	潘內兒科診所	嘉義市東區公明路３５２號			0	0	2013/7/28			23.4797901	120.4521668	05 2284757
352	13	西醫	陳顯章骨科診所	嘉義市東區公明路３４２號			0	0	2013/7/28			23.4798106	120.4524973	05 2253669
353	13	西醫	蔡耳鼻喉科診所	嘉義市東區仁和里中山路２７０號			0	0	2013/7/28			23.4801226	120.4500628	05 2222602
354	13	西醫	成功家庭醫學科診所	嘉義市東區吳鳳南路２７號			0	0	2013/7/28			23.472935	120.454138	05 2222757
355	13	西醫	劉耳鼻喉科診所	嘉義市東區民權路３２２之２號			0	0	2013/7/28			23.4826783	120.4518377	05 2786915
356	13	西醫	何義明內兒科診所	嘉義市東區文昌里文昌街１０９號			0	0	2013/7/28			23.4773979	120.4565689	05 2226588
357	13	西醫	柯明裕家庭醫學科診所	嘉義市東區吳鳳南路１１號			0	0	2013/7/28			23.473905	120.454022	05 2237578
358	13	西醫	黃國榮內兒科診所	嘉義市東區公明路２８３號			0	0	2013/7/28			23.4797581	120.4516632	05 2224026
359	13	西醫	順安診所	嘉義市東區公明路１９３號			0	0	2013/7/28			23.4800033	120.4543388	05 2276911
360	13	西醫	林信義內兒科診所	嘉義市東區中正路３１３號			0	0	2013/7/28			23.4789521	120.451332	05 2251025
361	13	西醫	明生內兒科診所	嘉義市東區吳鳳南路６０５號			0	0	2013/7/28			23.456018	120.459179	05 2398542
362	13	西醫	黃銘模診所	嘉義市東區中正路３７４號			0	0	2013/7/28			23.4789857	120.4513282	05 2247873
363	13	西醫	陳俊雄婦產科外科診所	嘉義市東區鎮南里民族路２４８號			0	0	2013/7/28			23.4764555	120.4548369	05 2221506
364	13	西醫	俊清外科診所	嘉義市東區興業東路２０７號			0	0	2013/7/28			23.4694645	120.4537071	05 2258464
365	13	西醫	張家庭醫學科診所	嘉義市東區民權路９６之１號			0	0	2013/7/28			23.4837851	120.4597224	05 2783208
366	13	西醫	懷恩診所	嘉義市東區興中街１３７號			0	0	2013/7/28			23.4801956	120.4510878	05 2277711
367	13	西醫	楊振榮內兒科診所	嘉義市東區東仁里忠孝路１７８號			0	0	2013/7/28			23.4807489	120.4542506	05 2223254
368	13	西醫	福音聯合診所	嘉義市東區吳鳳北路340號			0	0	2013/7/28			23.4846547	120.452396	05 2223207
369	13	西醫	鄭眼科診所	嘉義市東區吳鳳北路２３９號			0	0	2013/7/28			23.4798783	120.4531406	05 2226086
370	13	西醫	文祥小兒科診所	嘉義市東區民權路３００之４號			0	0	2013/7/28			23.4826783	120.4518377	05 2770777
371	13	西醫	華山診所	嘉義市東區吳鳳北路１５１號			0	0	2013/7/28			23.477198	120.4534987	05 2248777
372	13	西醫	黃炳中耳鼻喉科診所	嘉義市東區吳鳳北路３１０號			0	0	2013/7/28			23.4837755	120.4523456	05 2222298
373	13	西醫	吳文隆耳鼻喉科診所	嘉義市東區吳鳳南路１５之１號			0	0	2013/7/28			23.473823	120.454035	05 2232257
374	13	西醫	陳文勝診所	嘉義市東區新開里垂揚路３３號			0	0	2013/7/28			23.47456	120.460443	05 2256789
375	13	西醫	葉弘貴小兒科診所	嘉義市東區仁和里中山路２５３號			0	0	2013/7/28			23.4805285	120.4510794	05 2253863
376	13	西醫	孫小兒科診所	嘉義市東區吳鳳北路２８９號			0	0	2013/7/28			23.4813413	120.4528901	05 2222829
377	13	西醫	石內科診所	嘉義市東區吳鳳南路６８７之２號			0	0	2013/7/28			23.454916	120.459614	05 2301883
378	13	西醫	蘇婦產科診所	嘉義市東區府路里蘭井街１７３之１號			0	0	2013/7/28			23.4774933	120.450712	05 2231886
379	13	西醫	宋思權診所	嘉義市東區吳鳳北路３０９號			0	0	2013/7/28			23.4813413	120.4528901	05 2286698
380	13	西醫	倪榮金家庭醫學科診所	嘉義市東區檜村里忠孝路３３４號			0	0	2013/7/28			23.4882233	120.4535588	05 2765053
381	13	西醫	莊凱全小兒科診所	嘉義市東區民權路１０之1號			0	0	2013/7/28			23.484367	120.465974	05 2769658
382	13	西醫	華陽診所	嘉義市東區檜村里忠孝路２８４之２號			0	0	2013/7/28			23.4877176	120.4536342	05 2754038
383	13	西醫	蘇耳鼻喉科診所	嘉義市東區宣信里垂楊路１７１號			0	0	2013/7/28			23.474263	120.456786	05 2237078
384	13	西醫	安男診所	嘉義市東區吳鳳北路２５１號			0	0	2013/7/28			23.4801227	120.4531043	05 2224707
385	13	西醫	張森榮診所	嘉義市東區延平街１０２號			0	0	2013/7/28			23.4775151	120.45745	05 2275086
386	13	西醫	彭診所	嘉義市東區東仁里中山路１６５號			0	0	2013/7/28			23.4817721	120.4558802	05 2233406
387	13	西醫	活石診所	嘉義市東區忠孝路362之1號			0	0	2013/7/28			23.4884178	120.4535298	05 2761596
388	13	西醫	林裕益婦產科診所	嘉義市東區橧村里忠孝路３４０．３４２號			0	0	2013/7/28			23.4853348	120.4760853	05 2778801
389	13	西醫	黃崇銘診所	嘉義市東區新生路361號			0	0	2013/7/28			23.4846211	120.4607534	05 2777686
390	13	西醫	德珍婦產科診所	嘉義市東區吳鳳北路３３９號			0	0	2013/7/28			23.4831143	120.4523773	05 2755339
391	13	西醫	吳長宗診所	嘉義市東區光華路2之1號			0	0	2013/7/28			23.4767415	120.4556215	05 2276653
392	13	西醫	郭文吉神經科診所	嘉義市東區吳鳳北路一九九號			0	0	2013/7/28			23.4786243	120.4533264	05 2239365
393	13	西醫	郭健軍皮膚科診所	嘉義市東區仁和里中山路２８４號			0	0	2013/7/28			23.4800762	120.4497052	05 2273836
394	13	西醫	何光哲小兒科診所	嘉義市東區新生路３０９號			0	0	2013/7/28			23.4838923	120.4608433	05 2766878
395	13	西醫	嘉恩診所	嘉義市東區興業東路237號1樓、２樓			0	0	2013/7/28			23.4694636	120.4554584	05 2288092
396	13	西醫	宏醫診所	嘉義市東區民族路309.311號			0	0	2013/7/28			23.4762977	120.4536208	2254868
397	13	西醫	趙祥凱皮膚科診所	嘉義市東區興南里垂楊路209號			0	0	2013/7/28			23.474159	120.455941	05 2246236
398	13	西醫	信安診所	嘉義市東區民權路二七八號			0	0	2013/7/28			23.482843	120.4518641	05-2785681
399	13	西醫	黃世斌小兒科診所	嘉義市東區博東路47號			0	0	2013/7/28			23.4904388	120.461679	05-2710271
400	13	西醫	王診所	嘉義市東區公明路131號			0	0	2013/7/28			23.4802239	120.4562773	05-2276563
401	13	西醫	長鴻診所	嘉義市東區民權路322號			0	0	2013/7/28			23.4826783	120.4518377	05-2782113
402	13	西醫	周裕軒身心醫學診所	嘉義市東區民樂街141號1樓			0	0	2013/7/28			23.4811851	120.4575495	05-2229823
